<?xml version="1.0" encoding="UTF-8"?>
<!DOCTYPE suite SYSTEM "https://testng.org/testng-1.0.dtd">
<suite name="Suite" verbose="5">
	<test thread-count="2" name="Test" parallel="classes">
		<classes>
			<class name="week7.assignments.day1.test.CreateLeadTestcase" />
			<class name="week7.assignments.day1.test.EditLeadTestcase" />
			<class name="week7.assignments.day1.test.DuplicateLeadTestcase" />
			<class name="week7.assignments.day1.test.FindLeadTestcase" />
			<class name="week7.assignments.day1.test.DeleteLeadTestcase" />
		</classes>
	</test> <!-- Test -->
</suite> <!-- Suite -->
